unigram,bigram,trigram
र,र_र,के_लि_ए
क,क_क,क_र_ने
न,न_न,अ_प_ने
स,स_स,के_सा_थ
के,ए_ए,के_बा_द
प,का_का,स_र_का
ल,द_द,ने_क_हा
ने,की_की,ने_के_लि
त,म_म,ले_कि_न
म,त_त,र_का_र
का,सी_सी,उ_न्हों_ने
ह,ना_ना,क_हा_कि
ए,बा_बा,या_ग_या
में,भी_भी,प_ह_ले
ब,प_प,भा_र_त
अ,ग_ग,र_प_र
की,'_',क_र_ते
ग,के_के,पु_लि_स
है,कि_कि,अ_प_नी
या,’_’,इ_स_के
ज,ब_ब,ते_हु_ए
से,ह_ह,र_हा_है
आ,को_को,त_क_र
व,ज_ज,ग_या_है
कि,ल_ल,त_र_ह
को,a_a,र_क_र
य,वि_वि,ले_क_र
द,टा_टा,न_क_र
इ,m_m,ने_वा_ले
ना,रा_रा,क_र_र
रा,से_से,स_म_य
उ,व_व,र_हे_हैं
ता,बी_बी,ब_ता_या
वा,ले_ले,उ_न_के
ला,पा_पा,है_।_इ
ले,श_श,र_ने_के
मा,ने_ने,वा_र_को
ई,पी_पी,र_ही_है
ड,दा_दा,क_र_ना
जा,जा_जा,प्र_दे_श
सा,ला_ला,स_क_ता
औ,ई_ई,ल_क_र
श,या_या,औ_र_उ
हा,ता_ता,ब_हु_त
री,मा_मा,अ_धि_का
ट,चा_चा,कां_ग्रे_स
लि,य_य,भा_र_ती
बा,दी_दी,ती_है_।
वि,दे_दे,म_हि_ला
हो,डी_डी,स_ब_से
भी,च_च,जा_ता_है
प्र,आ_आ,र_दि_या
दि,टी_टी,दौ_रा_न
च,गो_गो,उ_स_के
नि,वी_वी,क_ता_है
हैं,​_​,न_प_र
ही,P_P,कि_या_जा
दे,h_h,ग_या_।
पा,हा_हा,क_र_दि
नी,सा_सा,ने_के_बा
ते,में_में,र_ती_य
रि,L_L,कि_या_ग
भा,-_पु,उ_न_की
सी,वा_वा,चु_ना_व
ती,फ_फ,ने_प_र
गा,जी_जी,क_र_स
ख,R_R,आ_प_को
रे,b_b,चा_हि_ए
ति,W_W,का_र_ण
सं,श्री_श्री,न_हीं_है
दा,M_M,औ_र_अ
ली,जे_जे,अ_ग_र
हीं,क्या_क्या,ता_या_कि
हु,T_T,मा_म_ले
चा,k_k,हो_ता_है
मि,"""_""",को_ले_क
ण,ट_ट,म_क_र
जि,ली_ली,अ_धि_क
मु,:_:,अ_प_ना
था,नी_नी,कि_या_है
फ,दो_दो,ने_ब_ता
दी,)_),के_खि_ला
रो,२_२,ने_अ_प
थ,रू_रू,क_ते_हैं
हि,ही_ही,खि_ला_फ
शा,९_९,न्हों_ने_क
तो,¤_¤,स_के_बा
लो,B_B,कु_मा_र
जी, _ऐ,यो_ज_ना
पु,ड_ड,रु_प_ये
ध,z_z,भा_ज_पा
ये,ये_ये,इ_स_से
हे,D_D,प्र_धा_न
यों,मौ_र्या,जा_न_का
धा,ऊ_ऊ,र_र_हे
भ,ऽ_ऽ,से_प_ह
मे,F_F,र_औ_र
मं,[_[,ने_वा_ली
सु,है_है,र_इ_स
कु,",_बै",के_बी_च
पी,+_+,बा_रे_में
