unigram,bigram,trigram
के,साथ_साथ,ने_कहा_कि
में,अलग_अलग,करने_के_लिए
की,धीरे_धीरे,उन्होंने_कहा_कि
को,बार_बार,ने_बताया_कि
से,पाए_जाते,के_बारे_में
और,एक_एक,के_रूप_में
का,कभी_कभी,कहना_है_कि
है।,अपने_अपने,का_कहना_है
ने,के_के,की_ओर_से
पर,समय_समय,जा_रहा_है।
कि,और_और,बता_दें_कि
है,क्या_क्या,की_वजह_से
भी,साथ_किसी,कहा_है_कि
लिए,टेनिस_खिलाड़ी,किया_गया_है।
एक,में_में,जा_रहा_है
कर,अपनी_अपनी,कर_रहे_हैं।
नहीं,नहीं_मिलेगा।,यह_है_कि
ही,बहुत_बहुत,हुए_कहा_कि
इस,तरह_तरह,रहा_है_कि
हैं।,आगे_बढ़ते,के_माध्यम_से
तो,कि_कि,के_आधार_पर
हो,शिव_शिव,के_मामले_में
करने,छोटे_छोटे,जा_रही_है।
किया,की_की,इस_मामले_में
यह,को_को,हाल_ही_में
है.,पर_पर,गया_है_कि
हैं,"जाते_थे,",जा_सकता_है।
साथ,जोर_जोर,के_लिए_एक
कहा,बड़े_बड़े,किया_जा_रहा
बाद,जैसे_जैसे,के_तौर_पर
गया,श्री_श्री,होने_के_बाद
अपने,किया_क्योंकि,कहा_था_कि
"है,",जगह_जगह,उन्होंने_बताया_कि
रहे,से_से,कर_सकते_हैं।
तक,बड़े_बड़े,के_साथ_ही
हुए,घर_घर,करने_के_बाद
रहा,पर_चर्चा,एक_बार_फिर
रही,कर_कर,की_जा_रही
जा,इस_समारोह,के_नाम_पर
जो,छोटी_छोटी,दिया_गया_है।
दिया,का_का,सोशल_मीडिया_पर
वह,का_स्पष्ट,किया_जा_सकता
होने,की_प्राथमिक,प्रधानमंत्री_नरेंद्र_मोदी
लेकिन,करते_करते,ने_कहा_है
सरकार,नए_नए,है_कि_वह
कुछ,कप्तान_रोहित,है_कि_इस
व,एस._एस.,की_तरफ_से
था।,मात_दे,बनाने_के_लिए
वाले,एस_एस,करते_हुए_कहा
करते,दो_दो,कर_रही_है।
पहले,कौन_कौन,इस_अवसर_पर
कोई,दूर_दूर,इसके_साथ_ही
लोगों,सुबह_सुबह,देने_के_लिए
अपनी,भागवत_कथा,में_से_एक
या,जब_जब,कर_दिया_है।
गई,पास_हो,गौरतलब_है_कि
था,बीच_बीच,लगता_है_कि
हैं.,के._के.,पूरी_तरह_से
किसी,होते_होते,कम_से_कम
बात,नतीजे_घोषित,कर_दिया_गया
आप,की_कोई,के_बाद_भी
लेकर,का_हर,कर_रहे_हैं
अब,कुछ_कुछ,जाता_है_कि
भारत,ने_ने,की_मौत_हो
ये,का_होगा।,हो_सकता_है।
तरह,सर्वश्रेष्ठ_प्रदर्शन,के_लिए_भी
"हैं,",समय_देने,होने_के_कारण
पुलिस,खेल_खेल,हो_गया_है।
सिंह,मतों_की,इस_बारे_में
कई,दे_दे,की_गई_है।
समय,साफ_साफ,इस_मौके_पर
न,उपयोग_न,को_देखते_हुए
दी,अभी_अभी,का_सामना_करना
साल,हा_हा,जाने_के_बाद
उनके,मिश्रा_को,है_कि_यह
द्वारा,अपना_अपना,मानना_है_कि
गए,है_है,कर_रहा_है।
काम,के_सातवें,के_बाद_से
उन्होंने,तो_तो,बताया_जा_रहा
जब,इस_स्कीम,जा_सकता_है
दो,शुक्ला_ने,उत्तर_प्रदेश_के
जाता,जल्दी_जल्दी,कहा_गया_है
देश,थे._वह,हो_रहा_है।
दिन,भी_बड़ी,हो_सकता_है
उन्हें,उस_राज्य,किया_जाता_है।
जाने,खुले_दिल,कहते_हैं_कि
सभी,बड़ी_बड़ी,की_मांग_की
बताया,में_अमिताभ,आपको_बता_दें
आज,जाने_जाने,के_नाम_से
करना,आते_आते,की_मदद_से
रूप,वह_बीजेपी,भारतीय_जनता_पार्टी
बार,लिए_लिए,किया_गया_था।
होता,रोड_जाम,की_तुलना_में
हुआ,पर_देखें,में_कहा_कि
थी।,करेंगे_लेकिन,जा_रहे_हैं।
बहुत,या_अन्य,रहे_हैं_और
हुई,इस_इस,हो_सकती_है।
सकता,"नहीं_थी,",हो_गई_है।
फिर,बड़ी_बड़ी,हो_रही_है।
सकते,अदाओं_से,कर_सकते_हैं
